run,avarage
0,2586.62987012987
1,2857.6609195402298
2,2782.598647125141
3,2572.590021691974
4,2789.1265536723163
5,2417.934942287513
6,2626.7352297592997
7,3070.009744214373
8,2687.8879023307436
9,2483.4851063829788
