run,avarage
0,448.9014814814815
1,608.7346007604563
2,502.76549663928307
3,502.0486163051608
4,706.040061633282
5,502.15934475055843
6,427.52141802067945
7,708.0969230769231
8,427.6794682422452
9,457.6767976278725
