run,avarage
0,584.9697885196375
1,502.1313432835821
2,570.2496229260935
3,562.844009042954
4,502.54436987322896
5,472.5483630952381
6,397.495958853784
7,517.0979805534779
8,486.8980654761905
9,525.516129032258
