run,avarage
0,539.5382882882883
1,532.3280780780781
2,563.291101055807
3,554.0421052631579
4,464.9621942179392
5,682.4934865900383
6,599.2083333333334
7,781.5672105672106
8,547.5986496624156
9,560.7554552294959
