run,avarage
0,930.7185007974482
1,823.8321568627451
2,877.9802527646129
3,780.3338533541341
4,1021.8645579886456
5,907.3479299363057
6,905.0349206349206
7,933.9346092503987
8,968.6559743384122
9,1216.9188963210702
