run,avarage
0,3370.245406824147
1,3514.6820652173915
2,3377.221066319896
3,2966.9776995305165
4,3118.4619164619166
5,3075.8242424242426
6,2965.1267605633802
7,3426.730769230769
8,3327.575679172057
9,3318.8652118100126
