run,avarage
0,552.2905405405405
1,508.92301943198805
2,488.21907600596126
3,510.0924683072334
4,472.5308092056422
5,479.9903417533432
6,691.2287029930928
7,580.3129713423831
8,434.08634686346863
9,568.0090497737557
