run,avarage
0,450.07174556213016
1,555.0489089541009
2,545.6576576576576
3,494.8627889634601
4,585.1476154428464
5,396.59368111682585
6,486.62695457930005
7,434.2708487084871
8,577.3580060422961
9,427.49741697416977
