run,avarage
0,1773.1346863468634
1,1457.734375
2,1762.2811355311355
3,1521.0545774647887
4,1286.522804054054
5,1592.2161921708184
6,1565.6350752878654
7,1267.4907094594594
8,1680.5198915009041
9,1723.3327272727272
