run,avarage
0,545.6589030803907
1,525.6206896551724
2,636.3348554033486
3,631.4106463878327
4,494.6616989567809
5,554.2183045761441
6,427.5272861356932
7,583.7522658610272
8,562.6045283018868
9,494.83432835820895
