run,avarage
0,930.6334661354582
1,1017.7852512155591
2,1145.3399503722085
3,1580.2703180212013
4,1493.886264216973
5,1210.7994987468671
6,1451.3747826086956
7,1279.7698145025295
8,1094.9664209664209
9,1421.0586712683348
