run,avarage
0,502.352501867065
1,382.0
2,546.4560480841473
3,449.04885270170246
4,637.3198781416603
5,517.1723880597015
6,577.2550943396226
7,487.28220402084884
8,516.6071695294996
9,676.7523006134969
