run,avarage
0,570.4540662650602
1,726.9976816074188
2,623.5220030349013
3,624.2276176024279
4,666.8243865030674
5,750.1693861693861
6,689.2438650306749
7,687.3090490797546
8,547.5251690458302
9,957.8716920609463
