run,avarage
0,794.1537861046057
1,817.271662763466
2,875.9130434782609
3,848.1054287962235
4,899.5664556962025
5,861.6162974683544
6,779.8698363211224
7,1039.5068937550689
8,864.2149606299213
9,809.6189358372457
