run,avarage
0,964.983922829582
1,1273.9383966244725
2,745.6361520558572
3,1426.3719723183392
4,836.6766091051805
5,1299.8828522920203
6,1101.7076167076168
7,1334.7414675767918
8,1395.5584415584415
9,1221.977329974811
