run,avarage
0,1438.5147313691507
1,905.0071542130365
2,910.1760507533703
3,1612.5487914055507
4,1200.2294264339153
5,1260.7571669477234
6,750.1968992248062
7,1336.5282051282052
8,1143.8730420445177
9,835.8527559055118
