run,avarage
0,1226.8220551378447
1,1200.0191507077436
