run,avarage
0,1664.6009049773756
1,1429.980121002593
2,903.9769291964996
3,1526.7896126760563
4,965.4282277465918
5,1480.6020942408377
6,1650.6219621962196
7,750.6671826625387
8,1172.997506234414
9,1005.0550161812298
