run,avarage
0,434.5406804733728
1,487.9992570579495
2,516.2643764002987
3,647.1490825688073
4,623.9117870722433
5,433.58154981549814
6,500.3579418344519
7,478.9234769687964
8,539.7537537537537
9,554.6942771084338
