run,avarage
0,583.7829691032404
1,466.52932442464737
2,546.4665161775771
3,631.234756097561
4,743.4510869565217
5,479.72044609665426
6,690.1281657712971
7,533.0501872659177
8,696.684857801691
9,541.2023988005997
