run,avarage
0,449.35703703703706
1,495.4820895522388
2,522.5610486891386
3,567.553544494721
4,486.58941877794337
5,479.32440476190476
6,426.58450184501845
7,863.2946287519748
8,508.3179104477612
9,586.4043839758125
