run,avarage
0,1236.9597652975692
1,1033.0380566801618
