run,avarage
0,463.6406829992576
1,480.1345724907063
2,509.98356982823003
3,457.54484803558194
4,471.9962935507784
5,511.2335820895522
6,464.16617210682494
7,479.2304832713755
8,575.2954031650339
9,522.9558052434456
