run,avarage
0,695.5203689469639
1,457.39584877687173
2,525.6218236173393
3,509.4019388516033
4,433.9903988183161
5,487.70938897168406
6,647.1532012195122
7,599.0378787878788
8,525.620508982036
9,487.8854166666667
