run,avarage
0,929.2492012779553
1,1239.8344537815126
2,983.3914790996785
3,727.6381172839506
4,668.4923312883435
5,1277.4856418918919
6,1057.4140179299104
7,987.569589702333
8,1068.2
9,1260.3523969722455
