run,avarage
0,487.41207153502233
1,584.3277945619335
2,669.7153787299159
3,487.18093819806404
4,546.3380916604057
5,524.0284644194757
6,616.8731966590736
7,532.430607651913
8,571.5731523378582
9,532.1435011269722
