run,avarage
0,426.3628318584071
1,440.8010355029586
2,487.24107142857144
3,479.7700892857143
4,576.9615094339623
5,645.2601067887109
6,592.5294561933534
7,630.6118721461187
8,518.1337817638266
9,426.46828908554573
