run,avarage
0,1343.221843003413
1,1444.240451388889
2,1523.2458149779736
3,1455.147954743255
4,1321.9658703071673
5,1309.4406779661017
6,1455.4304347826087
7,1954.2958015267175
8,1323.7127024722934
9,1783.6976958525345
