run,avarage
0,2068.7126099706743
1,1523.7843309859154
2,2050.293086660175
3,1512.2707231040565
4,1886.1034807149576
5,1695.4261106074343
6,2056.976653696498
7,2111.679764243615
8,2043.8114674441206
9,1954.0114285714285
